text,label
Răng bị hôi miệng nên đánh răng như thế nào?,khac
Răng hàm dưới bị hôi miệng phải làm sao?,khac
Niềng răng trong suốt Invisalign có hiệu quả không?,chinh_nha
Niềng răng có cần nhịn ăn gì không?,chinh_nha
Có cách nào phòng ngừa sâu răng hiệu quả tại nhà không bác sĩ?,sau_rang
Răng bị sâu nên giảm đau như thế nào?,sau_rang
Nhổ răng khôn có cần phải nằm viện không?,rang_khon
Niềng răng mắc cài sứ có bị ố vàng không?,chinh_nha
Răng răng gãy nên đi khám ngay không?,khac
Trám răng có ngăn chặn sâu răng tái phát ở chỗ đó không?,sau_rang
Gel đánh răng mua ở đâu?,khac
Trám răng chăm sóc sau khi làm?,sau_rang
Gel đánh răng có tốt cho răng nhạy cảm không?,e_buot
Niềng răng bao lâu thì thấy răng dịch chuyển?,chinh_nha
Trẻ em phòng ngừa sâu răng như thế nào?,sau_rang
Răng bị mẻ nhỏ có dán Veneer được không?,tham_my
Trồng răng có bảo hành không?,mat_rang
Tẩy trắng răng có tái phát không?,tham_my
Có phải do hút thuốc lá nhiều cũng làm răng dễ bị ê buốt và tổn thương men răng hơn không?,e_buot
Tẩy trắng răng chăm sóc sau khi làm?,tham_my
Răng bị nhạy cảm nên uống thuốc như thế nào?,e_buot
Viêm nướu có tái phát không?,viem_nuou
Khi lỗ sâu còn nhỏ thì mình có cần phải trám ngay không ạ?,sau_rang
Răng bị gãy nên súc miệng như thế nào?,khac
Răng bị viêm nên uống thuốc như thế nào?,khac
Trồng răng kiêng ăn gì?,mat_rang
Răng bị đau nên phòng ngừa như thế nào?,khac
Răng đau răng dữ dội nên đi khám ngay không?,khac
Răng bị nhạy cảm nên chườm lạnh như thế nào?,e_buot
Răng bị hôi miệng nên uống thuốc như thế nào?,khac
Tẩy trắng răng tại nhà mất bao lâu?,tham_my
Răng sứ có thể sử dụng bao lâu?,tham_my
Răng răng gãy phải làm gì?,khac
Mất một răng hàm có cần làm gì không?,mat_rang
Nhổ răng có bị lung lay răng bên cạnh không?,mat_rang
Viêm nướu có chữa khỏi không?,viem_nuou
Sau tẩy trắng răng bao lâu thì ăn uống bình thường?,tham_my
Răng số 8 chưa mọc có sao không?,rang_khon
Cấy Implant có cần gây mê toàn thân không?,mat_rang
Cao vôi răng có hại không?,viem_nuou
Răng số 8 hàm dưới mọc lệch vào má nguy hiểm không?,rang_khon
Cách phòng ngừa sâu răng hiệu quả?,sau_rang
Các phương pháp điều trị tụt lợi phổ biến và hiệu quả nhất hiện nay là gì ạ?,viem_nuou
Chỉ nha khoa có tốt cho răng nhạy cảm không?,e_buot
Răng sâu uống thuốc gì?,sau_rang
Răng móm niềng được không hay cần phẫu thuật?,chinh_nha
Cao vôi răng là gì?,viem_nuou
Tẩy trắng răng bao lâu thì lành?,tham_my
Nước súc miệng có cần thiết không?,khac
Băng vệ sinh răng miệng mua ở đâu?,khac
Răng có bị lung lay không?,mat_rang
Nhổ răng uống thuốc gì?,mat_rang
Răng khôn mọc bị viêm nắp có nguy hiểm không?,rang_khon
Răng khôn mọc lệch gây đau hàm phải làm sao?,rang_khon
Răng khôn mọc có bị sưng mặt không?,rang_khon
Liệu sâu răng có ảnh hưởng đến các răng kế bên hoặc sức khỏe tổng thể không?,sau_rang
"Nếu không điều trị, viêm nướu có thể gây ra những biến chứng gì nghiêm trọng không?",viem_nuou
Nhổ răng có trồng lại được không?,mat_rang
Răng số 8 hàm trên có cần nhổ không?,rang_khon
Răng hàm trên bị hôi miệng phải làm sao?,khac
Răng hàm bị hôi miệng phải làm sao?,khac
Răng ê buốt kèm theo đau nhức lợi và chảy máu chân răng là bị bệnh gì vậy bác sĩ?,e_buot
Cạo vôi răng chăm sóc sau khi làm?,viem_nuou
Em nên đi cạo vôi răng định kỳ bao lâu một lần để đảm bảo sức khỏe răng miệng tốt nhất?,viem_nuou
Tẩy trắng răng có làm hại nướu không?,tham_my
Trám răng bao nhiêu tiền?,sau_rang
Em có nên dùng nước súc miệng đặc trị dành riêng cho răng nhạy cảm để giảm bớt cảm giác ê buốt không?,e_buot
Răng thưa nhẹ có làm Veneer mà không cần niềng không?,tham_my
"Sau khi lấy tủy, răng có còn cảm giác gì nữa không ạ?",sau_rang
Răng khôn mọc có cần chụp x-quang không?,rang_khon
Có phải do em đánh răng quá mạnh hoặc sai cách nên làm mòn men răng và gây ê buốt không?,e_buot
Sưng lợi có phải là dấu hiệu cảnh báo của một bệnh lý toàn thân nào đó không?,viem_nuou
Cấy Implant có ảnh hưởng đến huyết áp không?,mat_rang
Vì sao sau nhổ răng khôn bị hôi miệng?,rang_khon
Nhổ răng khôn có ảnh hưởng đến dây thần kinh mặt không?,rang_khon
Niềng răng xong bao lâu thì thấy kết quả?,chinh_nha
Gel đánh răng giá bao nhiêu?,khac
Răng bị sâu nên súc miệng như thế nào?,sau_rang
Trẻ 8 tuổi có niềng được không?,chinh_nha
Dán Veneer xong có tẩy trắng thêm được không?,tham_my
Răng bị đau nên chăm sóc như thế nào?,khac
Răng bị hô nhẹ có làm Veneer được không?,tham_my
Răng bị đen nên chườm lạnh như thế nào?,khac
"Răng tôi tự nhiên ê buốt mà không ăn uống gì cả, cảm giác rất khó chịu, có đáng lo không?",e_buot
Mất răng có đau không?,mat_rang
Niềng răng bị tụt lợi phải làm gì?,chinh_nha
Niềng răng có ảnh hưởng đến việc học không?,chinh_nha
Răng áp xe răng có thể tự xử lý tại nhà không?,khac
Dấu hiệu cụ thể nào cho thấy em có khả năng đã bị viêm nha chu rồi vậy bác sĩ?,viem_nuou
Trám răng có đau không?,sau_rang
Cao vôi răng có mùi hôi miệng không?,viem_nuou
Trồng răng bao nhiêu tiền?,mat_rang
Bọc răng sứ có bị sâu không?,tham_my
Em bị lỗ sâu mà hay bị thức ăn mắc vào thì phải làm sao?,sau_rang
Răng bị mòn nặng có làm sứ phục hồi được không?,tham_my
Niềng răng mất bao nhiêu lần khám?,chinh_nha
Trám răng xong có còn bị ê buốt khi ăn đồ lạnh không bác sĩ?,sau_rang
Cấy Implant xong bao lâu dùng được?,mat_rang
Trám răng kiêng ăn gì?,sau_rang
Mất răng có ăn uống bình thường không?,mat_rang
Răng bị viêm nên điều trị như thế nào?,khac
Trồng răng có nguy hiểm không?,mat_rang
Răng bị đen nên giảm đau như thế nào?,khac
Niềng răng bao lâu thì tháo mắc cài?,chinh_nha
Có phải răng khôn mọc lệch hoặc mọc ngầm cũng có thể gây ra tình trạng ê buốt cho các răng lân cận không?,e_buot
Mất răng có làm già đi không?,mat_rang
Trám răng là gì?,sau_rang
Răng số 8 mọc có làm lệch các răng khác không?,rang_khon
Răng bị sưng nên điều trị như thế nào?,khac
Cách chọn bác sĩ chỉnh nha tốt?,chinh_nha
Răng hàm dưới bị ê buốt phải làm sao?,e_buot
Răng cửa dưới bị sưng phải làm sao?,khac
Răng bị gãy nên điều trị như thế nào?,khac
Răng chảy máu chân răng có nguy hiểm không?,viem_nuou
Chỉ nha khoa nên dùng loại nào?,khac
"Ăn kem xong là răng cứ nhói lên từng cơn, có phải bị sâu răng rồi không?",e_buot
Nhổ răng có đau không?,mat_rang
Răng bị ê buốt rồi có thể quay trở lại tình trạng bình thường hoàn toàn và hết nhạy cảm được không bác sĩ ơi?,e_buot
Sưng lợi kéo dài bao lâu thì em nên đi gặp bác sĩ nha khoa để kiểm tra ạ?,viem_nuou
Răng bị chảy máu nên điều trị như thế nào?,khac
Việc em đánh răng quá mạnh có phải là một trong những nguyên nhân hàng đầu gây tụt lợi không?,viem_nuou
Viêm nướu có tự khỏi được không hay bắt buộc phải điều trị chuyên khoa?,viem_nuou
Răng bị mòn nên khám định kỳ như thế nào?,khac
Răng bị ố vàng do kháng sinh tetracycline tẩy trắng được không?,tham_my
Răng số 8 bị sâu có nên trám hay nhổ?,rang_khon
Tẩy trắng răng có nguy hiểm không?,tham_my
Bàn chải đánh răng giá bao nhiêu?,khac
"Em bị hôi miệng kéo dài và lợi có vẻ lỏng lẻo, đây có phải là triệu chứng viêm nha chu?",viem_nuou
Quy trình cạo vôi răng tại phòng khám nha khoa thường diễn ra như thế nào ạ?,viem_nuou
Niềng răng xong có ăn được đồ cứng không?,chinh_nha
Răng bị mòn nên chăm sóc như thế nào?,khac
Răng bị viêm nên khám định kỳ như thế nào?,khac
Mất răng cửa bao lâu thì nên phục hình?,mat_rang
Răng ê buốt kiêng ăn gì?,e_buot
Răng bị đau nên khám định kỳ như thế nào?,khac
Trám răng có đau không và mất bao nhiêu thời gian cho một lần trám ạ?,sau_rang
Dùng chỉ nha khoa như thế nào?,khac
Viêm tủy răng nếu không chữa trị kịp thời có nguy hiểm không bác sĩ?,sau_rang
Răng bị thưa nên uống thuốc như thế nào?,khac
Răng bị nứt dọc có dán Veneer được không?,tham_my
Bị ê răng có phải là dấu hiệu cảnh báo của bệnh viêm nướu hoặc viêm nha chu không ạ?,e_buot
Nhổ răng có mất máu nhiều không?,mat_rang
"Răng tôi bị ê buốt khi uống cà phê nóng hoặc trà ấm, đó có phải là do men răng bị yếu đi không?",e_buot
Răng bị sâu nên chăm sóc như thế nào?,sau_rang
Răng chen chúc nhiều có niềng được không?,chinh_nha
Răng viêm nhiễm sau nhổ răng có nguy hiểm không?,mat_rang
Sau khi lấy tủy răng xong thì răng còn dùng được bao lâu nữa?,sau_rang
Chườm đá hay chườm nóng khi đau răng khôn?,rang_khon
Răng số 8 chưa mọc nhưng chụp x-quang thấy mầm có cần xử lý không?,rang_khon
Niềng răng có làm mòn men răng không?,chinh_nha
Nhổ răng có sưng mặt không?,mat_rang
Răng không mọc có bị lung lay không?,rang_khon
Răng cửa bị sưng phải làm sao?,khac
Răng nanh bị chảy máu phải làm sao?,khac
Nhổ răng khôn xong cần chăm sóc như thế nào?,rang_khon
Răng sữa bị nhạy cảm phải làm sao?,e_buot
Người già điều trị viêm nướu như thế nào?,viem_nuou
Vì sao nhổ răng khôn xong vẫn còn đau?,rang_khon
"Cạo vôi răng xong thì răng có bị mỏng đi, yếu hơn hoặc dễ ê buốt hơn không ạ?",viem_nuou
Có cách nào để phòng tránh tình trạng tụt lợi ngay từ đầu không thưa bác sĩ?,viem_nuou
Niềng răng có làm răng dài ra không?,chinh_nha
Răng răng lung lay nên đi khám ngay không?,mat_rang
Bác sĩ có thể cho em biết những nguyên nhân phổ biến nhất gây ra tình trạng ê buốt răng không ạ?,e_buot
Cạo vôi răng có đau không?,viem_nuou
Viêm nướu uống thuốc gì?,viem_nuou
"Lợi em tự nhiên sưng to và cảm thấy đau nhức, nguyên nhân có thể là gì vậy ạ?",viem_nuou
Mất răng không làm gì có sao không?,mat_rang
Răng bị đau nên đánh răng như thế nào?,khac
Sau nhổ răng khôn có được súc miệng không?,rang_khon
Răng có bị áp xe không?,khac
Dán sứ Veneer có làm đau không?,tham_my
Răng bị ê buốt nên giảm đau như thế nào?,e_buot
Răng chảy máu chân răng phải làm gì?,viem_nuou
Có cách nào để làm tăng cường men răng tự nhiên hoặc bảo vệ ngà răng để giảm tình trạng ê buốt không?,e_buot
Răng ê buốt có chữa được không?,e_buot
Bị ê buốt sau khi tẩy trắng răng có phải là một tác dụng phụ hoàn toàn bình thường và sẽ hết không?,e_buot
Răng bị vàng nên chườm lạnh như thế nào?,khac
Sao răng em cứ bị ê buốt âm ỉ cả ngày mà không rõ nguyên nhân hay tác động nào từ bên ngoài?,e_buot
Răng răng lung lay phải làm gì?,mat_rang
Chăm sóc răng miệng cho người tiểu đường?,khac
Răng bị sưng nên súc miệng như thế nào?,khac
Invisalign phù hợp với trường hợp nào?,chinh_nha
Lấy tủy răng xong có cần phải bọc sứ luôn không bác sĩ?,sau_rang
Tụt lợi có gây ra cảm giác ê buốt khó chịu ở răng và nướu không thưa bác sĩ?,viem_nuou
Niềng răng bao lâu thì xong?,chinh_nha
Răng có bị nhạy cảm không?,e_buot
Răng sữa sâu có ảnh hưởng răng vĩnh viễn?,sau_rang
Cấy Implant có cần ghép xương không?,mat_rang
Sưng lợi có phải luôn là dấu hiệu của một tình trạng viêm nhiễm nào đó trong khoang miệng không?,viem_nuou
Răng áp xe răng có nguy hiểm không?,khac
Nguyên nhân chính gây sâu răng là gì vậy bác sĩ?,sau_rang
Người trung niên phòng ngừa sâu răng như thế nào?,sau_rang
Làm thế nào để em có thể tự nhận biết được mình đang có dấu hiệu của tụt lợi không ạ?,viem_nuou
Niềng răng xong bị tụt nướu phải làm gì?,chinh_nha
Nước súc miệng giá bao nhiêu?,khac
Răng bị lung lay nên điều trị như thế nào?,mat_rang
Sau nhổ răng khôn bị tê môi có nguy hiểm không?,rang_khon
Thời gian ê buốt kéo dài bao lâu hoặc mức độ như thế nào thì tôi nên đi khám nha sĩ?,e_buot
Bọc răng sứ có ăn đồ cứng được không?,tham_my
Mất răng nên trồng loại nào?,mat_rang
Cấy Implant xong có ăn đồ cứng được không?,mat_rang
Bọc sứ mấy răng cửa để đẹp nhất?,tham_my
Tẩy trắng răng có bị ê buốt không?,tham_my
Răng bị thưa nên khám định kỳ như thế nào?,khac
Răng hàm bị sưng phải làm sao?,khac
Bọc sứ Emax hay Zirconia tốt hơn?,tham_my
Em nên làm gì ngay lập tức khi phát hiện lợi bị chảy máu mà không rõ nguyên nhân?,viem_nuou
Hàm duy trì sau niềng đeo bao lâu?,chinh_nha
Răng sữa bị sưng phải làm sao?,khac
Lấy tủy răng có bảo hành không?,sau_rang
Răng bị lung lay nên uống thuốc như thế nào?,mat_rang
Niềng răng bao lâu thì lành?,chinh_nha
"Viêm nha chu có ảnh hưởng tiêu cực đến sức khỏe tổng thể, đặc biệt là tim mạch không?",viem_nuou
Cấy Implant có cần đủ xương hàm không?,mat_rang
Răng cửa trên bị nhạy cảm phải làm sao?,e_buot
Niềng răng mắc cài màu hay trong suốt đẹp hơn?,chinh_nha
Sau nhổ răng khôn bao lâu được đánh răng bình thường?,rang_khon
Tình trạng ê buốt răng có thể tự khỏi hoàn toàn mà không cần bất kỳ sự can thiệp y tế nào không bác sĩ?,e_buot
Băng vệ sinh răng miệng có tốt cho răng nhạy cảm không?,e_buot
Người tiểu đường dùng thuốc an toàn như thế nào?,khac
Niềng răng mắc cài hay trong suốt tốt hơn?,chinh_nha
Lỗ sâu trên răng có thể tự lành lại được không bác sĩ?,sau_rang
Răng bị thưa nên chườm lạnh như thế nào?,khac
Răng bị gãy nên đánh răng như thế nào?,khac
"Răng số mấy của em đang bị ê buốt dữ dội khi ăn đồ ngọt, đó là dấu hiệu gì?",e_buot
Tại sao răng tôi chỉ ê buốt vào ban đêm hoặc khi đi ngủ mà ban ngày lại không có cảm giác gì?,e_buot
Trẻ dùng kem đánh răng có fluoride được không?,khac
Kem đánh răng nên dùng loại nào?,khac
Mất răng ở người cao tuổi nên làm gì?,mat_rang
Răng bị mòn nên súc miệng như thế nào?,khac
Chỉ nha khoa giá bao nhiêu?,khac
Răng sưng mặt uống thuốc gì tạm thờii?,khac
Làm sao để phân biệt chính xác tình trạng ê buốt răng do sâu răng với ê buốt do nhạy cảm ngà?,e_buot
Răng có bị hô không?,khac
Trẻ em bao nhiêu tuổi bắt đầu niềng răng?,chinh_nha
Răng cửa trên bị viêm phải làm sao?,khac
Nhổ răng khôn mất bao lâu?,rang_khon
Răng có bị chảy máu không?,khac
Bác sĩ có thể giải thích rõ hơn về tình trạng nhạy cảm ngà răng là gì và nguyên nhân gây ra nó không?,e_buot
Răng hàm trên bị sưng phải làm sao?,khac
Bọc sứ bao nhiêu cái là đủ?,tham_my
Chi phí bọc răng sứ toàn sứ khoảng bao nhiêu?,tham_my
Răng có bị khấp khểnh không?,chinh_nha
Răng bị léch nên phòng ngừa như thế nào?,khac
Viêm nướu có nguy hiểm không?,viem_nuou
Răng bị lung lay nên giảm đau như thế nào?,mat_rang
"Em đang mang thai, liệu bị viêm nướu có ảnh hưởng đến em bé không ạ?",viem_nuou
Trẻ mọc răng có sốt không?,khac
Răng sốt cao phải làm gì?,khac
Răng ê buốt có đau không?,e_buot
Trẻ nên dùng bàn chải loại nào?,khac
Răng sâu ở trẻ em như thế nào?,sau_rang
Trẻ em chăm sóc răng miệng như thế nào?,khac
Niềng răng có ảnh hưởng đến hơi thở không?,chinh_nha
Người hút thuốc phòng ngừa sâu răng như thế nào?,sau_rang
Răng số 8 mọc thẳng đẹp có ích gì không?,rang_khon
Niềng răng mắc cài có cần tháo ra không?,chinh_nha
Nhổ răng có làm thay đổi khuôn mặt không?,mat_rang
Răng bị ê buốt nên chăm sóc như thế nào?,e_buot
Răng bị vàng nên giảm đau như thế nào?,khac
"Trám răng thì dùng vật liệu gì ạ, có bền không bác sĩ?",sau_rang
Chi phí cấy Implant một răng khoảng bao nhiêu?,mat_rang
Tại sao răng bị ê buốt?,e_buot
Viêm nướu là gì mà em nghe nhiều người nhắc đến vậy bác sĩ?,viem_nuou
Răng bị lung lay nên đánh răng như thế nào?,mat_rang
Răng sữa lung lay có nhổ không?,mat_rang
Nhổ răng có bị nhiễm trùng không?,mat_rang
Cầu răng sứ bền bao lâu?,mat_rang
Răng bị lung lay nên khám định kỳ như thế nào?,mat_rang
Bà bầu phòng ngừa sâu răng như thế nào?,sau_rang
Băng vệ sinh răng miệng cách sử dụng đúngg?,khac
Nhổ răng bao nhiêu tiền?,mat_rang
Khớp cắn sâu niềng răng có khó không?,chinh_nha
Cách chăm sóc hàm duy trì sau niềng?,chinh_nha
Răng khôn mọc có cần nhổ không?,rang_khon
Viêm nha chu có thể gây ra những biến chứng nào khác ngoài việc mất răng không ạ?,viem_nuou
Có phải lợi chảy máu là một trong những biểu hiện đầu tiên của viêm nướu không ạ?,viem_nuou
Cạo vôi răng có thực sự gây đau đớn như nhiều người vẫn thường nói không thưa bác sĩ?,viem_nuou
Răng nanh bị lung lay phải làm sao?,mat_rang
Trám răng có bị mòn không?,sau_rang
Mất răng có dùng cầu răng được không?,mat_rang
Thiếu vitamin C có thực sự làm cho lợi dễ bị chảy máu hơn không thưa bác sĩ?,viem_nuou
Tẩy trắng răng có kết quả bao lâu?,tham_my
Nhổ răng kiêng ăn gì?,mat_rang
Răng sữa có quan trọng không?,khac
Răng cửa trên bị chảy máu phải làm sao?,khac
Tẩy trắng răng bao lâu một lần?,tham_my
Răng thưa có niềng được không?,chinh_nha
Khi nào thì em cần phải trám răng vậy bác sĩ?,sau_rang
Nếu răng bị sâu nhiều thì có trám được không hay phải làm cách khác?,sau_rang
Một lỗ sâu không đau có cần phải đến nha sĩ kiểm tra không ạ?,sau_rang
Răng răng lung lay uống thuốc gì tạm thờii?,mat_rang
Sau khi nhổ răng khôn bao lâu thì hết tê?,rang_khon
Răng bị sâu nên phòng ngừa như thế nào?,sau_rang
Răng không mọc có sưng mặt không?,rang_khon
"Sau khi hoàn tất điều trị tụt lợi, em cần chăm sóc răng miệng như thế nào để duy trì kết quả?",viem_nuou
Khớp cắn hở niềng bao lâu thì khỏi?,chinh_nha
Răng bị đen do chết tủy có tẩy trắng được không?,tham_my
Răng ố vàng nặng phải làm thế nào để trắng?,tham_my
"Sâu răng có đáng lo ngại không bác sĩ, em thấy cũng không đau lắm?",sau_rang
Răng không mọc có trồng răng thay không?,rang_khon
Niềng răng có tái phát không?,chinh_nha
"Tại sao một số răng của tôi lại nhạy cảm hơn hẳn những chiếc răng khác, dù cùng một hàm vậy bác sĩ?",e_buot
Invisalign có thể niềng răng hô được không?,chinh_nha
Răng bị nhạy cảm nên phòng ngừa như thế nào?,e_buot
Tẩy trắng răng tại nhà bằng than hoạt tính có an toàn không?,tham_my
Vôi răng hình thành từ đâu và tác hại của nó đối với răng miệng là gì vậy ạ?,viem_nuou
Cạo vôi răng có phải là một giải pháp hữu hiệu để cải thiện tình trạng hôi miệng không?,viem_nuou
Nhổ răng khôn có nguy hiểm không?,rang_khon
Răng bị thưa nên súc miệng như thế nào?,khac
Răng không bị hôi miệng phải làm sao?,rang_khon
Răng cửa bị lung lay phải làm sao?,mat_rang
Niềng răng bị đau nhiều nên làm gì?,chinh_nha
Dán sứ Veneer bao lâu thì phải làm lại?,tham_my
Bọc sứ Zirconia có bị đen cổ răng không?,tham_my
Trẻ em có cần phải cạo vôi răng không và ở độ tuổi nào thì nên bắt đầu làm điều này?,viem_nuou
Răng khôn mọc có làm hôi miệng không?,rang_khon
Lấy tủy răng bao lâu thì lành?,sau_rang
Răng cửa bị viêm phải làm sao?,khac
"Em mới cạo vôi răng về nhưng vẫn cảm thấy răng hơi ê buốt, tình trạng này có bình thường không?",viem_nuou
Răng ê buốt nên dùng kem đánh răng gì?,e_buot
Nếu chỉ bị tụt lợi ở mức độ nhẹ thì có cần phải điều trị ngay lập tức hay không?,viem_nuou
Răng bị ê buốt nên phòng ngừa như thế nào?,e_buot
Răng có bị hôi miệng không?,khac
Răng khôn mọc ngầm dưới xương có nhổ được không?,rang_khon
Có loại nước súc miệng đặc biệt nào giúp làm dịu và giảm sưng lợi hiệu quả không?,viem_nuou
Veneer sứ có bị ố vàng theo thời gian không?,tham_my
Bàn chải đánh răng cách sử dụng đúngg?,khac
Tẩy trắng răng mấy lần thì có kết quả?,tham_my
Cách vệ sinh răng khi đang niềng mắc cài?,chinh_nha
Tẩy trắng răng có bền không?,tham_my
Răng bị thưa nên kiêng ăn như thế nào?,khac
Nước súc miệng có tốt cho răng nhạy cảm không?,e_buot
Viêm nướu ở trẻ em như thế nào?,viem_nuou
Răng sữa bị đau phải làm sao?,khac
Răng viêm nhiễm sau nhổ răng uống thuốc gì tạm thờii?,mat_rang
Răng bị vàng nên điều trị như thế nào?,khac
Cạo vôi răng kiêng ăn gì?,viem_nuou
Răng bị chảy máu nên chườm lạnh như thế nào?,khac
Răng bị lung lay nên phòng ngừa như thế nào?,mat_rang
Viêm nha chu có phải là một bệnh lý nặng hơn rất nhiều so với viêm nướu không ạ?,viem_nuou
Niềng răng có hiệu quả không?,chinh_nha
Tẩy trắng răng có làm mỏng men răng không?,tham_my
Có phải tất cả các trường hợp viêm tủy răng đều phải lấy tủy không ạ?,sau_rang
Răng hàm trên bị ê buốt phải làm sao?,e_buot
Răng khôn mọc khi mang thai có an toàn không?,rang_khon
Trám răng uống thuốc gì?,sau_rang
Đau răng khôn cấp tính có cần nhổ ngay không?,rang_khon
Răng sữa đổi sang răng vĩnh viễn khi nào?,khac
Tẩy trắng răng bao lâu thì xong?,tham_my
Nước súc miệng mua ở đâu?,khac
Nếu không lấy tủy răng khi được chỉ định thì sẽ xảy ra chuyện gì?,sau_rang
Răng bị léch nên kiêng ăn như thế nào?,khac
Nhổ răng có nguy hiểm không?,mat_rang
"Răng tôi ê buốt mỗi khi uống trà sữa đá lạnh hoặc đồ uống có gas, nguyên nhân cụ thể là gì vậy bác sĩ?",e_buot
Niềng răng bao lâu thì tháo hàm duy trì?,chinh_nha
Băng vệ sinh răng miệng nên dùng loại nào?,khac
Kem đánh răng giá bao nhiêu?,khac
Răng sữa bị viêm phải làm sao?,khac
Bọc sứ xong răng thật còn không?,tham_my
Bọc răng sứ bao lâu thì phải làm lại?,tham_my
Răng bị sưng nên chườm lạnh như thế nào?,khac
Tẩy trắng răng mất mấy buổi?,tham_my
Răng viêm nhiễm sau nhổ răng nên đi khám ngay không?,mat_rang
Chỉ nha khoa mua ở đâu?,khac
Răng đau răng dữ dội có nguy hiểm không?,khac
Tẩy trắng răng có bảo hành không?,tham_my
Trẻ đánh răng từ khi nào?,khac
Bọc sứ xong hay bị hôi miệng không?,tham_my
Răng bị ê buốt khi hít thở bằng miệng vào mùa đông có phải là bất thường không?,e_buot
Răng bị nứt nên uống thuốc như thế nào?,khac
Làm sao biết mình hợp với Veneer hay bọc sứ?,tham_my
Cạo vôi răng bao nhiêu tiền?,viem_nuou
Cao vôi răng gây ra bệnh gì?,viem_nuou
Cấy Implant tại Việt Nam có đảm bảo không?,mat_rang
Răng ê buốt có tự khỏi không?,e_buot
Răng không mọc có bị viêm không?,rang_khon
"Lợi chảy máu nhiều sau khi ăn uống, có phải đây là triệu chứng của bệnh nặng không?",viem_nuou
Nhổ răng khôn có cần người đưa đón không?,rang_khon
Răng bị vàng nên uống thuốc như thế nào?,khac
Người già khám răng định kỳ như thế nào?,khac
Tại sao răng tôi chỉ bị ê buốt ở một bên hàm thôi mà không phải cả hai bên ạ?,e_buot
"Em thường xuyên có thói quen nghiến răng khi ngủ, có phải đó là một trong những nguyên nhân gây ê buốt răng không?",e_buot
Niềng răng hàm trên và hàm dưới cùng lúc được không?,chinh_nha
Tụt lợi có liên quan đến quá trình lão hóa tự nhiên hay là do một bệnh lý cụ thể?,viem_nuou
Lấy tủy răng chăm sóc sau khi làm?,sau_rang
"Răng sâu nên ăn gì, kiêng gì?",sau_rang
Răng bị léch nên khám định kỳ như thế nào?,khac
Răng cửa trên bị sưng phải làm sao?,khac
Implant răng có đau không?,mat_rang
Veneer sứ có bền không?,tham_my
Dấu hiệu viêm nướu là gì?,viem_nuou
Răng cửa dưới bị nhạy cảm phải làm sao?,e_buot
Dán Veneer mấy cái là đủ đẹp?,tham_my
Răng bị sưng nên khám định kỳ như thế nào?,khac
Viêm nướu có lây không?,viem_nuou
Niềng răng có ảnh hưởng đến xoang không?,chinh_nha
Tình trạng ê buốt răng khi ăn ngọt chua có nguy hiểm không ạ?,sau_rang
Cầu răng sứ bao nhiêu tiền?,mat_rang
Răng chảy máu chân răng nên đi khám ngay không?,viem_nuou
Đâu là nguyên nhân chủ yếu gây ra căn bệnh viêm nha chu nguy hiểm này ạ?,viem_nuou
Viêm tủy răng là gì và triệu chứng của nó như thế nào ạ?,sau_rang
Chăm sóc răng miệng cho trẻ em?,khac
Cạo vôi răng uống thuốc gì?,viem_nuou
Răng hàm dưới bị viêm phải làm sao?,khac
Cạo vôi răng có phải là một phần quan trọng trong quá trình điều trị bệnh viêm nướu không ạ?,viem_nuou
Dán Veneer có làm thay đổi hình dạng răng không?,tham_my
Kem đánh răng có tốt cho răng nhạy cảm không?,e_buot
Răng khôn mọc thẳng có cần nhổ không?,rang_khon
Răng bị đen nên uống thuốc như thế nào?,khac
Răng ê buốt do sâu răng không?,sau_rang
Bàn chải đánh răng mua ở đâu?,khac
"Răng ê buốt nhưng không đau nhức, chỉ cảm thấy khó chịu âm ỉ thôi thì có cần đi khám không bác sĩ?",e_buot
Răng hàm bị đau phải làm sao?,khac
Sau khi trám răng xong thì cần kiêng cữ gì không bác sĩ?,sau_rang
Niềng răng có làm đau cổ và vai không?,chinh_nha
Người tiểu đường phòng ngừa sâu răng như thế nào?,sau_rang
"Em nghe nói viêm nha chu có thể dẫn đến rụng răng, điều đó có đúng sự thật không?",viem_nuou
Răng khôn mọc thiếu chỗ phải xử lý thế nào?,rang_khon
Răng có bị thưa không?,khac
Răng bị léch nên súc miệng như thế nào?,khac
Răng không mọc có chảy máu không?,rang_khon
Răng bị nhổ bao lâu thì cấy Implant được?,mat_rang
Răng không bị chảy máu phải làm sao?,rang_khon
Niềng răng mất bao nhiêu lần siết dây?,chinh_nha
Răng cửa dưới bị lung lay phải làm sao?,mat_rang
Bọc sứ mới bị đau cơ hàm phải làm gì?,tham_my
Niềng răng có bảo hiểm y tế hỗ trợ không?,chinh_nha
Răng khôn mọc có ảnh hưởng đến xoang không?,rang_khon
Chi phí tẩy trắng răng tại nhà bằng máng?,tham_my
Niềng răng có làm thay đổi khuôn mặt không?,chinh_nha
"Trám răng có thẩm mỹ không, có bị lộ miếng trám không bác sĩ?",sau_rang
Lợi bị sưng do mọc răng khôn thì em cần phải làm gì để bớt khó chịu ạ?,viem_nuou
Răng khôn mọc lệch ngoài có tự vào chỗ được không?,rang_khon
Cách đánh răng đúngg kỹ thuật?,khac
Niềng răng có cần khám định kỳ không?,chinh_nha
Răng bị hôi miệng nên súc miệng như thế nào?,khac
Cạo vôi răng có nguy hiểm không?,viem_nuou
Răng có bị vàng không?,khac
Dán sứ Veneer có làm mòn răng thật không?,tham_my
Kem đánh răng mua ở đâu?,khac
Răng đau răng dữ dội có thể tự xử lý tại nhà không?,khac
Răng hàm dưới bị đau phải làm sao?,khac
"Răng tôi đang ê buốt quá, bác sĩ có thể kê cho tôi loại thuốc giảm đau nào hiệu quả và an toàn không?",e_buot
Nên nhổ răng khôn ở bệnh viện hay phòng khám tư?,rang_khon
Kem đánh răng có fluoride không?,khac
Răng bị nứt nên giảm đau như thế nào?,khac
"Việc điều trị tình trạng ê buốt răng có tốn kém lắm không thưa bác sĩ, có nhiều phương pháp không?",e_buot
Răng bị thưa nên chăm sóc như thế nào?,khac
Răng bị viêm nên kiêng ăn như thế nào?,khac
Răng đã lấy tủy rồi thì có cần chăm sóc đặc biệt gì không?,sau_rang
"Em bị sưng lợi nhưng không hề cảm thấy đau, như vậy có nguy hiểm gì không ạ?",viem_nuou
Bác sĩ có thể tư vấn cho em về chế độ ăn uống và thói quen vệ sinh răng miệng hợp lý để giảm ê buốt không?,e_buot
Có cách nào điều trị dứt điểm hoàn toàn tình trạng ê buốt răng nhạy cảm để không tái phát nữa không?,e_buot
Niềng răng có ảnh hưởng đến xương hàm không?,chinh_nha
Cấy Implant xong bị đau nhiều không?,mat_rang
"Giá trám răng là bao nhiêu tiền vậy ạ, có đắt không?",sau_rang
Răng không mọc có kiêng ăn gì?,rang_khon
"Răng tôi ê buốt khi nhai, nhưng nhìn không thấy lỗ sâu hay vết nứt nào, vậy là bị gì ạ?",e_buot
Răng bị nhạy cảm nên giảm đau như thế nào?,e_buot
Răng ê buốt uống thuốc gì?,e_buot
Niềng răng mắc cài có làm sâu răng không?,chinh_nha
Tại sao nhổ răng khôn sau đó bị khô ổ răng?,rang_khon
Tụt lợi là tình trạng như thế nào và nguyên nhân chính gây ra nó là do đâu ạ?,viem_nuou
Nhổ răng khôn có thể bị biến chứng gì nghiêm trọng?,rang_khon
Trồng răng uống thuốc gì?,mat_rang
Cấy Implant toàn hàm All-on-4 chi phí bao nhiêu?,mat_rang
Phẫu thuật ghép lợi có phải là một giải pháp an toàn và mang lại hiệu quả lâu dài không?,viem_nuou
Răng cửa trên bị hôi miệng phải làm sao?,khac
Bàn chải đánh răng có tốt cho răng nhạy cảm không?,e_buot
Gel đánh răng nên dùng loại nào?,khac
Răng không mọc có ảnh hưởng đến răng khác không?,rang_khon
Làm gì để giảm đau khi mọc răng khôn tại nhà?,rang_khon
Răng bị ê buốt nên đánh răng như thế nào?,e_buot
Tẩy trắng răng có dùng được cho trẻ em không?,tham_my
Răng không mọc có hôi miệng không?,rang_khon
Răng giả cố định hay tháo lắp tốt hơn?,mat_rang
Răng bị nứt nên phòng ngừa như thế nào?,khac
Lợi bị tụt có tự động hồi phục được không hay bắt buộc phải có sự can thiệp điều trị?,viem_nuou
Răng cửa dưới bị ê buốt phải làm sao?,e_buot
Lấy tủy răng có nguy hiểm không?,sau_rang
Niềng răng có cần chụp x-quang và ct scan không?,chinh_nha
Răng bị mòn nên uống thuốc như thế nào?,khac
Răng bị viêm nên giảm đau như thế nào?,khac
Viêm nướu kiêng ăn gì?,viem_nuou
Hút thuốc lá có làm cho tình trạng lợi bị chảy máu trở nên trầm trọng hơn không?,viem_nuou
Răng sâu có bị đen không?,sau_rang
Tẩy trắng răng uống thuốc gì?,tham_my
Mất răng có ảnh hưởng đến răng khác không?,mat_rang
Răng không mọc ngầm có nguy hiểm không?,rang_khon
Niềng răng mất bao lâu?,chinh_nha
Bác sĩ có thể giới thiệu cho em loại kem đánh răng hoặc nước súc miệng nào tốt nhất cho răng nhạy cảm không?,e_buot
Tẩy trắng răng có hại men răng không?,tham_my
Bà bầu điều trị viêm nướu như thế nào?,viem_nuou
Răng áp xe răng nên đi khám ngay không?,khac
Cầu răng sứ hay Implant tốt hơn?,mat_rang
Răng sâu đau như thế nào?,sau_rang
Mất răng có trồng implant được không?,mat_rang
Răng không bị lung lay phải làm sao?,rang_khon
Trám răng có rụng không?,sau_rang
Cầu răng có cần nhổ răng thật không?,mat_rang
Răng bị nứt nên điều trị như thế nào?,khac
Răng bị sưng nên uống thuốc như thế nào?,khac
"Em lo lắng việc lấy tủy sẽ ảnh hưởng đến các răng bên cạnh, có đúng không bác sĩ?",sau_rang
Răng bị vàng nên khám định kỳ như thế nào?,khac
Tẩy trắng răng có cho trẻ em không?,tham_my
Răng cửa dưới bị chảy máu phải làm sao?,khac
Trồng răng có đau không?,mat_rang
"Em đang mang thai mà bị ê buốt răng thì có ảnh hưởng gì đến em bé không ạ, có cần điều trị ngay không?",e_buot
Răng sốt cao có nguy hiểm không?,khac
Răng bị sâu nên uống thuốc như thế nào?,sau_rang
Tẩy trắng răng có đau không?,tham_my
"Răng tôi bị ê buốt kèm theo cảm giác như có gai hoặc cộm trong miệng, đó là biểu hiện của bệnh gì?",e_buot
Răng sưng mặt có nguy hiểm không?,khac
Nhổ răng khôn có cần gây mê không?,rang_khon
Răng bị mòn nên điều trị như thế nào?,khac
Răng bị léch nên giảm đau như thế nào?,khac
Mọc răng khôn sốt cao phải làm sao?,rang_khon
Răng bị mòn nên phòng ngừa như thế nào?,khac
Răng chảy máu chân răng uống thuốc gì tạm thờii?,viem_nuou
Sau khi nhổ răng khôn bao lâu thì lành?,rang_khon
"Miếng trám răng có thể bị bong ra không ạ, và nếu bong thì phải làm sao?",sau_rang
Cạo vôi răng bao lâu cạo 1 lần?,viem_nuou
Niềng răng có đau không?,chinh_nha
Chăm sóc răng miệng cho người hút thuốc?,khac
Răng bị hôi miệng nên điều trị như thế nào?,khac
Răng số 8 mọc thẳng nhưng không đủ chỗ có cần nhổ không?,rang_khon
Răng áp xe răng phải làm gì?,khac
Răng bị đau nên kiêng ăn như thế nào?,khac
Tại sao răng của em lại cần phải lấy tủy ạ?,sau_rang
Răng bị vàng nên phòng ngừa như thế nào?,khac
Răng bị nứt nên chườm lạnh như thế nào?,khac
Băng vệ sinh răng miệng có fluoride không?,khac
Răng khôn mọc có đau bằng răng sâu không?,rang_khon
Răng bị sưng nên kiêng ăn như thế nào?,khac
Chăm sóc răng miệng khi mang niềng?,chinh_nha
Em mới trám răng xong mà sao vẫn cứ ê buốt nhẹ khi chạm vào thức ăn nóng?,e_buot
Răng bị hôi miệng nên khám định kỳ như thế nào?,khac
Niềng răng có tuổi nào không?,chinh_nha
Nước súc miệng có fluoride không?,khac
Răng khôn mọc có thể tự hết đau không?,rang_khon
"Em ăn trái cây xong thấy ê buốt răng, có phải do lượng axit trong trái cây làm mòn răng không bác sĩ?",e_buot
Người trung niên dùng thuốc an toàn như thế nào?,khac
Cạo vôi răng có bảo hành không?,viem_nuou
Răng bị ê buốt nên điều trị như thế nào?,e_buot
Bị mất 1 răng có niềng được không?,chinh_nha
Nhổ răng khôn có để lại sẹo không?,rang_khon
Răng nanh bị ê buốt phải làm sao?,e_buot
Răng bị nhạy cảm nên đánh răng như thế nào?,e_buot
Tẩy trắng răng ở đâu uy tín tại TP.HCM?,tham_my
Răng bị mòn nên chườm lạnh như thế nào?,khac
Răng bị gãy nên uống thuốc như thế nào?,khac
Quy trình điều trị viêm nha chu có phức tạp và tốn kém chi phí lắm không thưa bác sĩ?,viem_nuou
Em đã dùng kem đánh răng cho răng nhạy cảm rồi mà vẫn không đỡ ê buốt thì nên làm gì tiếp theo?,e_buot
Răng ê buốt có chảy máu không?,e_buot
Răng nanh bị hôi miệng phải làm sao?,khac
Răng bị lung lay nên chăm sóc như thế nào?,mat_rang
Răng khôn mọc có cần siêu âm hay ct scan không?,rang_khon
Nhổ răng có bảo hành không?,mat_rang
Răng sưng mặt có thể tự xử lý tại nhà không?,khac
Răng sữa bị lung lay phải làm sao?,mat_rang
Răng bị đau nên chườm lạnh như thế nào?,khac
Bao nhiêu tuổi thì cấy Implant được?,mat_rang
Cách chăm sóc răng sữa cho trẻ?,khac
Răng bị viêm nên phòng ngừa như thế nào?,khac
Răng bị nứt nên đánh răng như thế nào?,khac
Tẩy trắng răng xong bao lâu thì uống cà phê được?,tham_my
Răng bị vàng nên súc miệng như thế nào?,khac
Trẻ 12 tuổi có nên niềng răng không?,chinh_nha
"Em thấy lợi đỏ và hơi sưng, không biết có phải là biểu hiện của viêm nướu không?",viem_nuou
Răng không bị sưng phải làm sao?,rang_khon
Tẩy trắng răng có hại không?,tham_my
Mất nhiều răng có cấy Implant được không?,mat_rang
Dán sứ Veneer có ảnh hưởng đến ăn nhai không?,tham_my
Răng khôn mọc lệch vào răng bên cạnh nguy hiểm không?,rang_khon
"Em thấy có chấm đen trên răng, đó có phải là sâu răng không bác sĩ?",sau_rang
Răng có bị mòn không?,khac
Gel đánh răng cách sử dụng đúngg?,khac
Răng không bị ê buốt phải làm sao?,e_buot
Niềng răng bị gãy dây cung phải làm sao?,chinh_nha
Bị ê buốt răng khi ăn bánh kẹo ngọt thì có chắc chắn là dấu hiệu của sâu răng hay còn nguyên nhân khác?,e_buot
Nhổ răng có chảy máu nhiều không?,mat_rang
Răng cửa dưới bị hôi miệng phải làm sao?,khac
Răng đau răng dữ dội uống thuốc gì tạm thờii?,khac
Niềng răng mắc cài kim loại có mắc không?,chinh_nha
Răng cửa bị chảy máu phải làm sao?,khac
Trẻ em mấy tuổi nên đi khám răng?,khac
Làm Veneer để che răng ố màu tetracycline có hiệu quả không?,tham_my
Hàm tháo lắp nhựa có bền không?,mat_rang
Răng sứ bị bong sau bao lâu thì đến kiểm tra?,tham_my
Những dấu hiệu nào cho thấy răng em đang bị sâu ạ?,sau_rang
Răng bị léch nên chăm sóc như thế nào?,khac
Răng bị hôi miệng nên chườm lạnh như thế nào?,khac
Răng bị vàng nên chăm sóc như thế nào?,khac
Răng không bị viêm phải làm sao?,rang_khon
Răng cửa bị hôi miệng phải làm sao?,khac
Niềng răng có cần nhổ răng khôn trước không?,chinh_nha
Tẩy trắng răng kiêng ăn gì?,tham_my
Răng bị sâu nên kiêng ăn như thế nào?,sau_rang
Răng bị lung lay nên súc miệng như thế nào?,mat_rang
Răng có bị viêm tủy không?,sau_rang
Viêm nha chu có khả năng lây truyền từ người bệnh sang người khỏe mạnh không ạ?,viem_nuou
"Phụ nữ mang thai hay bị chảy máu nướu, đây có phải là hiện tượng bình thường không?",viem_nuou
Răng khôn mọc nướu bị sưng đỏ phải làm gì?,rang_khon
Tẩy trắng răng có tác dụng phụ gì không?,tham_my
Tẩy trắng răng tốt nhất bằng phương pháp nào?,tham_my
Răng bị sưng nên giảm đau như thế nào?,khac
Răng nanh bị viêm phải làm sao?,khac
Niềng răng có cần đeo hàm duy trì không?,chinh_nha
Bọc răng sứ có cần thiết không hay trám thẩm mỹ được?,tham_my
Răng cửa dưới bị đau phải làm sao?,khac
Bà bầu chăm sóc răng miệng như thế nào?,khac
Răng sâu có tự khỏi không?,sau_rang
Cấy Implant có ảnh hưởng đến xoang không?,mat_rang
Răng bị chảy máu nên đánh răng như thế nào?,khac
Răng bị hôi miệng nên giảm đau như thế nào?,khac
Răng hàm dưới bị nhạy cảm phải làm sao?,e_buot
Niềng răng có làm thay đổi giọng nói không?,chinh_nha
Răng bị thưa nên đánh răng như thế nào?,khac
Viêm nướu có hôi miệng không?,viem_nuou
Trám răng có tẩy trắng được không?,sau_rang
Vì sao răng khôn không có đủ chỗ để mọc?,rang_khon
Uống kháng sinh có giúp trị dứt điểm hoàn toàn tình trạng viêm nướu không?,viem_nuou
Cách chăm sóc răng miệng khi bị viêm nướu?,viem_nuou
Răng cửa bị nhạy cảm phải làm sao?,e_buot
Đau răng khi ăn ngọt có nghĩa là tủy răng đã bị ảnh hưởng chưa ạ?,sau_rang
Răng bị gãy nên phòng ngừa như thế nào?,khac
"Sau khi đã điều trị viêm nha chu, liệu bệnh có dễ bị tái phát trở lại không?",viem_nuou
Mất răng lâu năm có cấy Implant được không?,mat_rang
Mỗi ngày đánh răng mấy lần?,khac
Có loại kem đánh răng nào được thiết kế đặc biệt cho những người bị tụt lợi không?,viem_nuou
Dán sứ Veneer có cần mài răng không?,tham_my
Răng bị nhạy cảm nên chăm sóc như thế nào?,e_buot
Nhổ răng chăm sóc sau khi làm?,mat_rang
Niềng răng có nhổ răng không?,rang_khon
Người hút thuốc dùng thuốc an toàn như thế nào?,khac
"Răng em tự nhiên bị ê buốt khi uống nước lọc bình thường ở nhiệt độ phòng, là do nguyên nhân gì ạ?",e_buot
Trám răng có nguy hiểm không?,sau_rang
Nhổ răng khôn xong uống thuốc gì?,rang_khon
Răng sưng mặt phải làm gì?,khac
Em nên ăn uống như thế nào khi răng đang bị ê buốt để không làm tình trạng trở nên tồi tệ hơn?,e_buot
Chi phí nhổ răng khôn khoảng bao nhiêu?,rang_khon
"Răng tôi bị ê buốt khi hít không khí lạnh hoặc gió thổi qua miệng, có phải bị lộ ngà răng không ạ?",e_buot
Răng bị đau nên điều trị như thế nào?,khac
Người trung niên điều trị viêm nướu như thế nào?,viem_nuou
Răng bị chảy máu nên kiêng ăn như thế nào?,khac
Răng bị đen nên điều trị như thế nào?,khac
Cao vôi răng có màu vàng là sao?,viem_nuou
Răng bị chảy máu nên súc miệng như thế nào?,khac
Trám răng bằng vật liệu gì?,sau_rang
Tẩy trắng răng bằng máng có hiệu quả như laser không?,tham_my
Niềng răng có cần nhịn ăn trước khi gắn mắc cài không?,chinh_nha
Không có răng khôn có bình thường không?,rang_khon
Bao nhiêu tuổi thì có thể niềng răng?,chinh_nha
Có phải ăn quá nhiều đồ chua cay hoặc uống nước có ga cũng dễ gây ra tình trạng ê buốt răng không?,e_buot
Niềng răng tự niềng tại nhà có an toàn không?,chinh_nha
Răng có bị gãy không?,khac
Răng khôn mọc có ảnh hưởng đến niềng răng không?,rang_khon
Răng có bị đen không?,khac
Cạo vôi răng có làm sạch được không?,viem_nuou
Niềng răng mắc cài sứ có bền không?,chinh_nha
Răng có bị lệch không?,khac
Băng vệ sinh răng miệng giá bao nhiêu?,khac
Niềng răng bao nhiêu tiền?,chinh_nha
Niềng răng trả góp được không?,chinh_nha
Tẩy trắng răng tại nhà bằng baking soda có hiệu quả không?,tham_my
Răng bị thưa nên giảm đau như thế nào?,khac
"Răng ê buốt và nướu sưng đỏ, chảy máu thì có phải là dấu hiệu của bệnh viêm nha chu cấp tính không?",e_buot
Răng bị léch nên điều trị như thế nào?,khac
Implant Straumann hay Nobel tốt hơn?,mat_rang
Tại sao răng tôi chỉ ê buốt với đồ lạnh mà lại không có cảm giác gì với đồ nóng ạ?,e_buot
Răng bị sâu nên khám định kỳ như thế nào?,sau_rang
Răng hàm bị viêm phải làm sao?,khac
"Nếu răng chỉ ê buốt nhẹ khi ăn ngọt, em có nên đợi thêm rồi đi khám không?",sau_rang
Nhổ răng có bị đau đầu không?,mat_rang
Răng bị đen nên kiêng ăn như thế nào?,khac
Răng sau khi lấy tủy có bị yếu hơn và dễ vỡ hơn không ạ?,sau_rang
Niềng răng xong bị đau đầu có bình thường không?,chinh_nha
Răng thưa dùng niềng hay dán sứ tốt hơn?,chinh_nha
Niềng răng bao giờ là đủ?,chinh_nha
Người già dùng thuốc an toàn như thế nào?,khac
Chăm sóc răng miệng cho người già?,khac
Niềng răng trong suốt có niềng được răng hô không?,chinh_nha
Răng bị sâu nên đánh răng như thế nào?,sau_rang
Tại sao mỗi khi đánh răng hoặc dùng chỉ nha khoa là lợi em lại chảy máu ạ?,viem_nuou
Răng bị ê buốt nên uống thuốc như thế nào?,e_buot
Em có cần phải tiêm thuốc tê khi thực hiện cạo vôi răng không thưa bác sĩ?,viem_nuou
Răng giả tháo lắp có bền không?,mat_rang
Có nên nhổ răng khôn khi chưa đau không?,rang_khon
Tẩy trắng răng xong bị ê buốt phải làm gì?,tham_my
Răng sứ bị vỡ phải làm gì?,tham_my
Răng bị sưng nên đánh răng như thế nào?,khac
Răng bị gãy nên giảm đau như thế nào?,khac
Răng sâu có hôi miệng không?,sau_rang
Tẩy trắng răng bao nhiêu tiền?,tham_my
Răng bị chảy máu nên chăm sóc như thế nào?,khac
Răng răng lung lay có nguy hiểm không?,mat_rang
Tẩy trắng răng có cần gây tê không?,tham_my
Miếng trám răng có thể tồn tại được bao lâu trên răng ạ?,sau_rang
Cấy Implant bao giờ thì đặt mão sứ?,mat_rang
Răng bị sâu nên điều trị như thế nào?,sau_rang
Mất răng có dùng hàm giả được không?,mat_rang
Uống thuốc giảm đau thông thường có tác dụng làm giảm sưng lợi không thưa bác sĩ?,viem_nuou
Răng hàm trên bị chảy máu phải làm sao?,khac
Nhổ răng số 8 có đau nhiều không?,rang_khon
Cấy Implant bị từ chối vì lý do gì?,mat_rang
"Ngoài những nguyên nhân phổ biến, còn yếu tố nào khác khiến lợi dễ bị sưng và chảy máu không?",viem_nuou
Răng răng gãy có thể tự xử lý tại nhà không?,khac
Răng bị nhổ bao lâu thì xương lành?,mat_rang
Răng sữa bị hôi miệng phải làm sao?,khac
"Nếu không điều trị kịp thời, sưng lợi có thể dẫn đến hậu quả mất răng hay không?",viem_nuou
Tôi có cần tránh một số loại thực phẩm và đồ uống nhất định khi răng đang bị ê buốt để không kích thích thêm không?,e_buot
Chảy máu nướu răng có liên quan đến các bệnh toàn thân như tiểu đường không bác sĩ?,viem_nuou
Niềng răng xong bị tái phát phải làm sao?,chinh_nha
Răng khôn mọc lệch ảnh hưởng gì đến thẩm mỹ?,rang_khon
Răng số 8 mọc ngầm hoàn toàn có cần nhổ không?,rang_khon
Vì sao răng khôn hay mọc lệch?,rang_khon
Veneer có làm được trên răng đã trám không?,tham_my
Niềng răng chăm sóc sau khi làm?,chinh_nha
Niềng răng có nguy hiểm không?,chinh_nha
Răng bị mòn nên đánh răng như thế nào?,khac
Nên dùng bàn chải đánh răng loại nào?,khac
Lấy tủy răng bao nhiêu tiền?,sau_rang
Niềng răng có ảnh hưởng đến ăn uống không?,chinh_nha
"Em bị lợi sưng to một bên và có mủ chảy ra, đây là dấu hiệu của bệnh gì vậy bác sĩ?",viem_nuou
Răng bị hôi miệng nên chăm sóc như thế nào?,khac
"Em bị ê buốt răng chỉ khi ăn đồ chua thôi, vậy có phải là dấu hiệu sâu răng không?",sau_rang
Người hút thuốc khám răng định kỳ như thế nào?,khac
Kem đánh răng cách sử dụng đúngg?,khac
Chi phí tẩy trắng răng laser tại Việt Nam?,tham_my
Răng bị chảy máu nên uống thuốc như thế nào?,khac
Răng khôn mọc lệch có gây sâu răng bên cạnh không?,rang_khon
Nhổ răng khôn ở đâu uy tín tại Việt Nam?,rang_khon
"Khi đến khám, làm sao để bác sĩ có thể xác định chính xác chiếc răng nào đang gây ra tình trạng ê buốt ạ?",e_buot
Niềng răng uống thuốc gì?,chinh_nha
Nhổ răng khôn bằng phương pháp nào ít đau nhất?,rang_khon
Răng khôn mọc ngầm có tự tiêu không?,rang_khon
Răng không bị đau phải làm sao?,rang_khon
Làm cách nào để nhận biết sớm các dấu hiệu của bệnh viêm nướu ạ?,viem_nuou
Niềng răng xong bị đau khớp thái dương hàm phải làm gì?,chinh_nha
Răng bị chảy máu nên khám định kỳ như thế nào?,khac
Implant mini và Implant thường khác gì nhau?,mat_rang
Răng bị ê buốt nên súc miệng như thế nào?,e_buot
Răng bị léch nên uống thuốc như thế nào?,khac
Người già phòng ngừa sâu răng như thế nào?,sau_rang
Răng bị vàng nên đánh răng như thế nào?,khac
Răng hàm bị nhổ bao lâu thì phải cấy Implant?,mat_rang
Chế độ ăn uống hàng ngày có đóng vai trò gì trong việc phòng ngừa viêm nha chu không ạ?,viem_nuou
Răng nanh bị đau phải làm sao?,khac
Cấy Implant có thể sử dụng bao lâu?,mat_rang
Răng sâu thì có tự khỏi được không hay bắt buộc phải đi khám ạ?,sau_rang
Dán sứ Veneer cần mấy lần đến phòng khám?,tham_my
Nhổ răng khôn xong bao lâu có thể ăn uống bình thường?,rang_khon
Cấy Implant có bảo hành không?,mat_rang
Biến chứng của răng sâu là gì?,sau_rang
Tẩy trắng răng bằng dầu dừa có hiệu quả không?,tham_my
Bọc sứ xong bị đau nhức phải làm gì?,tham_my
Nguyên nhân chính dẫn đến tình trạng viêm nướu là do đâu ạ?,viem_nuou
Hàm răng giả cố định giá bao nhiêu?,mat_rang
Bọc răng sứ toàn hàm chi phí bao nhiêu?,tham_my
Niềng răng kiêng ăn gì?,chinh_nha
Răng ê buốt khi nào thì nguy hiểm?,e_buot
Răng bị léch nên chườm lạnh như thế nào?,khac
Làm Veneer có ảnh hưởng đến phát âm không?,tham_my
Răng sốt cao có thể tự xử lý tại nhà không?,khac
Răng miệng nên khám định kỳ bao lâu?,khac
Có thai có nhổ răng khôn được không?,rang_khon
Người tiểu đường khám răng định kỳ như thế nào?,khac
Trẻ 16 tuổi đã mọc răng khôn có bình thường không?,rang_khon
Răng khôn mọc lúc bao nhiêu tuổi là bình thường?,rang_khon
Răng khôn mọc khi đang niềng phải làm gì?,chinh_nha
Có phương pháp điều trị nào dứt điểm ê buốt răng mà không cần phải can thiệp nhổ hoặc mài răng không ạ?,e_buot
Răng bị viêm nên chăm sóc như thế nào?,khac
Niềng răng hô hàm trên mất bao lâu?,chinh_nha
Làm sao để phân biệt đau do sâu răng thông thường với đau do viêm tủy ạ?,sau_rang
Răng không mọc có nhổ bỏ không?,rang_khon
Răng hàm trên bị viêm phải làm sao?,khac
Niềng răng có đau nhiều không?,chinh_nha
Răng cửa bị đau phải làm sao?,khac
Niềng răng mắc cài có làm hôi miệng không?,chinh_nha
Răng hàm dưới bị sưng phải làm sao?,khac
Trẻ có bị sâu răng không?,sau_rang
Có thể sử dụng thuốc uống để trị dứt điểm hoàn toàn bệnh viêm nha chu được không?,viem_nuou
Răng răng gãy có nguy hiểm không?,khac
Răng bị thưa nên phòng ngừa như thế nào?,khac
Cấy Implant xong cần chăm sóc thế nào?,mat_rang
Mất răng có nói chuyện khó không?,mat_rang
Răng bị sưng nên phòng ngừa như thế nào?,khac
Răng sứ bị sứt mẻ có sửa được không?,tham_my
Niềng răng có làm răng yếu hơn không?,chinh_nha
Chăm sóc răng miệng sau khi trồng răng?,mat_rang
Niềng răng có ảnh hưởng đến hôn nhân không?,chinh_nha
Răng không mọc có bị sốt không?,rang_khon
Sao dạo này răng tôi cứ bị ê buốt khó chịu khi ăn uống vậy bác sĩ?,e_buot
Răng có bị sưng không?,khac
Quá trình lấy tủy răng thường mất mấy buổi hẹn ạ?,sau_rang
Tôi có nên đổi kem đánh răng đang dùng nếu răng đang bị ê buốt liên tục không thưa bác sĩ?,e_buot
Răng bị ố vàng do thuốc lá tẩy trắng được không?,tham_my
Răng không bị nhạy cảm phải làm sao?,e_buot
"Em cứ ăn đồ ngọt hay chua là răng lại bị ê buốt, có phải là sâu răng không ạ?",sau_rang
Răng số 8 bị sâu nặng nhổ có cần cấy ghép không?,rang_khon
Răng khôn nhổ rồi có cần cấy Implant không?,mat_rang
Răng khôn mọc bao lâu thì hoàn chỉnh?,rang_khon
Viêm nướu có sưng không?,viem_nuou
Răng hàm trên bị nhạy cảm phải làm sao?,e_buot
Răng bị gãy nên chườm lạnh như thế nào?,khac
Răng chảy máu chân răng có thể tự xử lý tại nhà không?,viem_nuou
Người hút thuốc chăm sóc răng miệng như thế nào?,khac
Niềng răng mắc cài cần kiêng ăn gì?,chinh_nha
Răng khôn mọc lâu ngày không nhổ có sao không?,rang_khon
Cạo vôi răng tại nhà được không?,viem_nuou
Bọc răng sứ tháo ra có được không?,tham_my
Răng răng lung lay có thể tự xử lý tại nhà không?,mat_rang
Niềng răng có cần phẫu thuật hàm không?,chinh_nha
"Lấy tủy răng có đau lắm không bác sĩ, em sợ đau lắm?",sau_rang
Răng không mọc lệch nên làm sao?,rang_khon
Viêm nướu có gây mất răng không?,viem_nuou
"Tại sao em lại bị viêm tủy răng, nguyên nhân do đâu vậy bác sĩ?",sau_rang
Răng số 8 mọc nướu trùm lên có cần cắt nướu không?,rang_khon
"Răng của em trông có vẻ dài ra, đây có phải là một dấu hiệu của tụt lợi không ạ?",viem_nuou
Chi phí niềng răng toàn hàm khoảng bao nhiêu?,chinh_nha
Răng trắng tự nhiên không cần tẩy trắng phải làm gì để giữ?,tham_my
Em mới niềng răng xong mà sao răng lại trở nên nhạy cảm hơn với đồ ăn nóng lạnh quá vậy ạ?,e_buot
Bao nhiêu tuổi thì mọc răng khôn?,rang_khon
Răng sữa bị chảy máu phải làm sao?,khac
"Bác sĩ ơi, răng tôi bị ê buốt liên tục không ngừng trong mấy ngày nay thì phải làm sao bây giờ?",e_buot
Có phương pháp phòng ngừa viêm nướu hiệu quả nào tại nhà không thưa bác sĩ?,viem_nuou
Viêm nướu có chảy máu không?,viem_nuou
Răng hàm trên bị đau phải làm sao?,khac
Veneer sứ hay composite tốt hơn?,tham_my
"Bác sĩ ơi, làm sao để biết mình có bị sâu răng hay không ạ?",sau_rang
Răng hàm dưới bị chảy máu phải làm sao?,khac
Răng bị đen nên chăm sóc như thế nào?,khac
Cấy Implant bao lâu thì tích hợp xương?,mat_rang
Răng bị nứt nên súc miệng như thế nào?,khac
Có cách nào giảm ê buốt răng tức thời khi ăn đồ ngọt hay chua không?,sau_rang
Nhổ răng khôn bao giờ thì hết sưng?,rang_khon
Răng bị gãy nên khám định kỳ như thế nào?,khac
Răng hàm bị lung lay phải làm sao?,mat_rang
Tẩy trắng răng tại phòng khám mất bao lâu?,tham_my
Cách chọn kem đánh răng tốt?,khac
Trám răng có bị nứt không?,sau_rang
Niềng răng có bảo hành không?,chinh_nha
Trám răng bao lâu thì lành?,sau_rang
"Lấy tủy răng có rủi ro gì không bác sĩ, ví dụ như thất bại chẳng hạn?",sau_rang
Răng khôn mọc nếu không nhổ sẽ ra sao?,rang_khon
Răng hàm bị chảy máu phải làm sao?,khac
Ê buốt răng có phải là dấu hiệu ban đầu của việc tụt nướu hoặc lộ chân răng không thưa bác sĩ?,e_buot
Mất răng cửa nên làm gì để phục hình?,mat_rang
Niềng răng mắc cài bị bong ra phải làm sao?,chinh_nha
Chi phí làm thẩm mỹ răng toàn hàm khoảng bao nhiêu?,tham_my
Sau niềng răng răng sẽ đẹp được bao lâu?,chinh_nha
Tẩy trắng răng có cần khám trước không?,tham_my
Răng sốt cao nên đi khám ngay không?,khac
"Em thấy có một lỗ nhỏ xíu trên răng, đó có phải là dấu hiệu của sâu răng tiến triển không?",sau_rang
Răng viêm nhiễm sau nhổ răng phải làm gì?,mat_rang
Nên niềng răng ở đâu uy tín?,chinh_nha
Bọc răng sứ có cần mài răng nhiều không?,tham_my
Việc lấy cao răng có giúp cho răng của em trở nên trắng sáng hơn không bác sĩ?,viem_nuou
Niềng răng có cần nhổ răng không?,chinh_nha
Cấy Implant mất bao lâu?,mat_rang
Chỉ nha khoa có fluoride không?,khac
Răng bị ê buốt nên khám định kỳ như thế nào?,e_buot
Răng bị nứt nên kiêng ăn như thế nào?,khac
Răng lệch lạc nhiều có niềng được không?,chinh_nha
Cách kiểm tra khớp cắn tại nhà?,chinh_nha
Răng bị léch nên đánh răng như thế nào?,khac
Răng ê buốt sau khi nhổ răng?,e_buot
Bọc sứ xong bị hở cổ răng phải làm gì?,tham_my
Niềng răng trong suốt có bị vàng không?,chinh_nha
Răng miệng có bị ung thư không?,khac
Mất răng ảnh hưởng gì đến sức khỏe?,mat_rang
Nhổ răng khôn xong bị chảy máu nhiều phải làm gì?,rang_khon
"Lợi em hay bị viêm và chảy máu khi đánh răng, đây có phải là viêm nướu không ạ?",viem_nuou
Chăm sóc răng miệng sau khi nhổ răng?,mat_rang
Tẩy trắng răng laser có an toàn không?,tham_my
"Sau khi cạo vôi răng, em cần kiêng cữ những loại thực phẩm hay thói quen nào để bảo vệ răng?",viem_nuou
Lấy tủy răng uống thuốc gì?,sau_rang
Giá nhổ răng khôn phẫu thuật khoảng bao nhiêu?,rang_khon
Người trung niên chăm sóc răng miệng như thế nào?,khac
Răng có bị sâu lại không?,sau_rang
"Em bị viêm tủy răng nhưng không thấy đau, vậy có cần phải điều trị không?",sau_rang
Chi phí làm trắng răng bằng đèn plasma?,tham_my
Có cách nào giúp giảm sưng lợi tạm thời tại nhà trước khi em đến khám nha sĩ không?,viem_nuou
Răng bị ê buốt nên kiêng ăn như thế nào?,e_buot
Viêm tủy răng có thể gây ra những biến chứng gì khác không ạ?,sau_rang
Răng số 8 mọc đau theo từng cơn có bình thường không?,rang_khon
Răng bị đen nên phòng ngừa như thế nào?,khac
Dán sứ Veneer có bị bong không?,tham_my
Tại sao răng bị sâu?,sau_rang
Nhổ răng khôn xong bị sốt có bình thường không?,rang_khon
Niềng răng mất tiền nhiều không?,chinh_nha
Răng bị nhạy cảm nên súc miệng như thế nào?,e_buot
Răng bị đau nên súc miệng như thế nào?,khac
Răng bị gãy nên kiêng ăn như thế nào?,khac
Niềng răng có ăn uống bình thường không?,chinh_nha
Dán Veneer composite hay sứ tốt hơn cho răng cửa?,tham_my
"Khi bị ê buốt răng, em có nên chườm nóng hay chườm lạnh vào vùng hàm để giảm bớt cảm giác khó chịu không?",e_buot
Răng bị viêm nên chườm lạnh như thế nào?,khac
Răng cửa bị ê buốt phải làm sao?,e_buot
Răng bị lung lay nên chườm lạnh như thế nào?,mat_rang
Răng nanh bị sưng phải làm sao?,khac
Dấu hiệu nhận biết răng bị sâu?,sau_rang
Cạo vôi răng bao lâu thì lành?,viem_nuou
"Mỗi lần uống nước đá là răng tôi lại ê lên tận óc, có nghiêm trọng không ạ?",e_buot
Nhổ răng bao lâu thì lành?,mat_rang
Chi phí lấy tủy răng thường là bao nhiêu tiền vậy ạ?,sau_rang
Cấy Implant All-on-6 tốt hơn All-on-4 không?,mat_rang
Niềng răng có cần tháo ra khi chụp x-quang không?,chinh_nha
Răng sâu có chảy máu không?,sau_rang
Bà bầu dùng thuốc an toàn như thế nào?,khac
Trồng răng bao lâu thì lành?,mat_rang
Răng sưng mặt nên đi khám ngay không?,khac
Mất răng nanh nên xử lý thế nào?,mat_rang
Răng khôn mọc nướu sưng mấy ngày thì hết?,rang_khon
Niềng răng có vệ sinh khó không?,chinh_nha
Răng hàm dưới bị lung lay phải làm sao?,mat_rang
"Em có cảm giác một vài chiếc răng bị ê buốt khi ăn trái cây chua, đó là do sự bào mòn axit?",e_buot
Bọc răng sứ có cần lấy tủy không?,tham_my
Niềng răng có ảnh hưởng đến implant không?,chinh_nha
Chi phí cho một lần cạo vôi răng tại phòng khám của mình là khoảng bao nhiêu tiền?,viem_nuou
Dán Veneer xong có niềng răng được không?,tham_my
Răng cửa trên bị đau phải làm sao?,khac
Răng bị hôi miệng nên phòng ngừa như thế nào?,khac
Em có nên hạn chế hoàn toàn việc ăn đồ ăn quá nóng hoặc quá lạnh khi răng đang bị ê buốt không ạ?,e_buot
Răng khôn mọc có làm thay đổi khuôn mặt không?,rang_khon
Nhổ răng không có đau không?,rang_khon
Nhổ răng nên uống thuốc gì?,mat_rang
Răng hàm trên bị lung lay phải làm sao?,mat_rang
Veneer sứ bảo hành bao nhiêu năm?,tham_my
Trẻ em dùng thuốc an toàn như thế nào?,khac
"Em thấy lợi sưng đỏ ở một vùng duy nhất, có khả năng đây là áp xe răng không ạ?",viem_nuou
Nhổ răng có để lại lỗ không?,mat_rang
Cạo vôi răng bằng công nghệ sóng siêu âm có tốt và hiệu quả hơn phương pháp truyền thống không?,viem_nuou
Tụt lợi có nguy hiểm đến mức có thể dẫn đến mất răng vĩnh viễn không vậy bác sĩ?,viem_nuou
Răng bị nhạy cảm nên khám định kỳ như thế nào?,e_buot
Tẩy trắng răng bằng gel có an toàn không?,tham_my
Tẩy trắng răng xong có được uống cà phê không?,tham_my
Tẩy trắng răng có phù hợp với răng nhạy cảm không?,tham_my
Sâu răng có thể lây từ răng này sang răng khác được không ạ?,sau_rang
Bàn chải đánh răng nên dùng loại nào?,khac
Niềng răng có cần nhổ răng hàm không?,chinh_nha
Nhổ răng có ảnh hưởng đến khớp cắn không?,chinh_nha
Mất răng có bị tiêu xương không?,mat_rang
Mất răng có ảnh hưởng gì không?,mat_rang
Răng viêm nhiễm sau nhổ răng có thể tự xử lý tại nhà không?,mat_rang
Niềng răng xong có cần đeo retainer mãi không?,chinh_nha
"Có thuốc bôi hay kem đánh răng nào đặc trị cho tình trạng viêm nướu, chảy máu lợi không?",viem_nuou
Răng bị viêm nên đánh răng như thế nào?,khac
Răng bị đau nên uống thuốc như thế nào?,khac
Răng lệch nhẹ có cần niềng không?,chinh_nha
Răng cửa trên bị ê buốt phải làm sao?,e_buot
Răng hô niềng bao lâu thì hết?,chinh_nha
Dán Veneer có cần gây tê không?,tham_my
Răng sâu có chữa được không?,sau_rang
Răng bị vàng nên kiêng ăn như thế nào?,khac
Răng khôn có bao nhiêu cái?,rang_khon
Niềng răng có ảnh hưởng đến phát âm không?,chinh_nha
Răng bị viêm nên súc miệng như thế nào?,khac
Nhổ răng khôn kiêng ăn gì?,rang_khon
Răng đã bọc sứ có tẩy trắng được không?,tham_my
Trám răng có đổi màu không?,sau_rang
Cạo vôi răng có chảy máu không?,viem_nuou
Đau do răng khôn uống thuốc gì giảm đau?,rang_khon
Răng có bị nứt không?,khac
Trám răng có bị sâu lại không?,sau_rang
Tẩy trắng răng tại nhà có hiệu quả không?,tham_my
Chỉ nha khoa cách sử dụng đúngg?,khac
Răng đau răng dữ dội phải làm gì?,khac
Răng thưa dán sứ Veneer có che được không?,tham_my
Sâu răng ở trẻ em có khác gì so với người lớn không ạ?,sau_rang
Răng răng gãy uống thuốc gì tạm thờii?,khac
Hàm tháo lắp kim loại hay nhựa tốt hơn?,mat_rang
Tại sao có những răng dễ bị sâu hơn các răng khác vậy ạ?,sau_rang
Bà bầu khám răng định kỳ như thế nào?,khac
Khi nào cần nhổ răng khôn khẩn cấp?,rang_khon
Nước súc miệng cách sử dụng đúngg?,khac
"Tại sao răng lại đau nhói khi ăn uống đồ lạnh, nóng, ngọt hay chua vậy bác sĩ?",sau_rang
Răng bị gãy nên chăm sóc như thế nào?,khac
Răng bị thưa nên điều trị như thế nào?,khac
Làm thế nào để chấm dứt hoặc giảm thiểu tình trạng chảy máu lợi khi vệ sinh răng miệng?,viem_nuou
Răng bị sưng nên chăm sóc như thế nào?,khac
Niềng răng có cần cạo vôi trước không?,chinh_nha
Sau nhổ răng khôn bị khít hàm phải làm sao?,rang_khon
Cách phân biệt đau do răng khôn và đau tai?,rang_khon
Trẻ em khám răng định kỳ như thế nào?,khac
Người hút thuốc điều trị viêm nướu như thế nào?,viem_nuou
Răng bị đen nên khám định kỳ như thế nào?,khac
Bọc sứ có làm thay đổi hình dạng khuôn mặt không?,tham_my
Răng bị lung lay nên kiêng ăn như thế nào?,mat_rang
Trẻ em điều trị viêm nướu như thế nào?,viem_nuou
Nhổ răng khôn có ảnh hưởng đến thần kinh không?,rang_khon
Lấy tủy răng có đau không?,sau_rang
Cách giảm ê buốt răng tại nhà?,e_buot
Nước súc miệng nên dùng loại nào?,khac
Răng bị chảy máu nên giảm đau như thế nào?,khac
"Em lo lắng quá, liệu ê buốt răng có phải là dấu hiệu của một bệnh lý răng miệng nào đó rất nghiêm trọng không?",e_buot
Răng bị chảy máu nên phòng ngừa như thế nào?,khac
Răng bị đau nên giảm đau như thế nào?,khac
Bàn chải đánh răng có fluoride không?,khac
Răng cửa dưới bị viêm phải làm sao?,khac
Răng nanh bị nhạy cảm phải làm sao?,e_buot
Răng hàm bị ê buốt phải làm sao?,e_buot
Người tiểu đường chăm sóc răng miệng như thế nào?,khac
Cấy Implant có làm được khi đang mang thai không?,mat_rang
Răng bị nứt nên khám định kỳ như thế nào?,khac
Răng khôn mọc có làm hàm bị lệch không?,rang_khon
Cấy Implant có ảnh hưởng đến răng bên cạnh không?,mat_rang
Mất răng có trồng lại được không?,mat_rang
Răng khôn mọc khi đang niềng răng phải xử lý thế nào?,rang_khon
Răng bị ê buốt nên chườm lạnh như thế nào?,e_buot
Người già chăm sóc răng miệng như thế nào?,khac
Răng sâu có lây không?,sau_rang
"Em đã đổi bàn chải mềm rồi nhưng lợi vẫn chảy máu, nguyên nhân là gì ạ?",viem_nuou
Có phải tất cả các loại kem đánh răng đặc trị cho răng nhạy cảm trên thị trường đều có công dụng giống nhau không?,e_buot
Khi bị sâu răng mà không chữa thì hậu quả sẽ thế nào ạ?,sau_rang
Răng khôn gây đau tai và đầu phải làm gì?,rang_khon
Trồng răng chăm sóc sau khi làm?,mat_rang
Răng hàm bị lệch có cần niềng không?,chinh_nha
Răng khôn mọc ngang có biến chứng gì?,rang_khon
Niềng răng có nói lắp không?,chinh_nha
Người lớn tuổi có niềng răng được không?,chinh_nha
Trám răng có bền không?,sau_rang
"Bác sĩ ơi, có cách nào làm giảm ngay ê buốt răng tại nhà trong lúc chờ đến lịch khám không?",e_buot
Răng áp xe răng uống thuốc gì tạm thờii?,khac
Răng sâu có bị lung lay không?,sau_rang
Bọc sứ cần chuẩn bị gì trước khi làm?,tham_my
Răng cửa trên bị lung lay phải làm sao?,mat_rang
Răng khôn mọc lệch về phía lưỡi có nguy hiểm không?,rang_khon
Răng bị đen nên đánh răng như thế nào?,khac
Răng bị lệch màu có làm Veneer được không?,tham_my
Người tiểu đường điều trị viêm nướu như thế nào?,viem_nuou
Lấy tủy răng kiêng ăn gì?,sau_rang
Viêm nướu nên làm gì?,viem_nuou
Răng sữa sâu có nhổ không?,sau_rang
"Lấy tủy răng là làm gì vậy bác sĩ, nghe đáng sợ quá?",sau_rang
Nếu không cạo vôi răng đều đặn theo định kỳ thì sẽ có những hậu quả gì xảy ra?,viem_nuou
Dán Veneer mấy ngày thì quen?,tham_my
Bọc sứ xong cần chăm sóc thế nào?,tham_my
Người trung niên khám răng định kỳ như thế nào?,khac
"Em thấy răng mình có vẻ trong hơn, dễ ê buốt hơn so với trước đây, có phải men răng đang bị bào mòn không?",e_buot
Răng khôn mọc gây viêm nướu điều trị thế nào?,rang_khon
Răng bị hôi miệng nên kiêng ăn như thế nào?,khac
Cấy Implant có cần dùng thuốc kháng sinh không?,mat_rang
Răng không mọc có dùng thuốc gì?,rang_khon
Đang mang thai có niềng răng được không?,chinh_nha
Răng bị đen nên súc miệng như thế nào?,khac
Nhổ 2 răng khôn cùng lúc được không?,rang_khon
Răng bị mòn nên giảm đau như thế nào?,khac
"Nếu răng chỉ bị ê buốt nhẹ, không đau nhức thì có cần thiết phải đến nha sĩ ngay không ạ?",e_buot
Răng hàm bị nhạy cảm phải làm sao?,e_buot
Răng bị sâu nên chườm lạnh như thế nào?,sau_rang
Răng bị nứt nên chăm sóc như thế nào?,khac
Răng sữa bị ê buốt phải làm sao?,e_buot
Răng khôn mọc nên đến chuyên khoa nào?,rang_khon
Chảy máu nướu thường xuyên có phải là dấu hiệu đáng lo ngại về sức khỏe răng miệng không?,viem_nuou
Trám răng bao lâu thì xong?,sau_rang
Răng khôn mọc có làm cằm đau không?,rang_khon
Gel đánh răng có fluoride không?,khac
Cầu răng bắc lên răng thật có hại không?,mat_rang
Bị ê răng khi cắn mạnh một vật gì đó cứng có phải là dấu hiệu răng bị nứt ngầm không?,e_buot
Răng bị nứt nhẹ có bọc sứ được không?,tham_my
Trám răng có bảo hành không?,sau_rang
Tẩy trắng răng có ảnh hưởng đến thai nhi không?,tham_my
Răng bị nhạy cảm nên kiêng ăn như thế nào?,e_buot
Răng bị nhạy cảm nên điều trị như thế nào?,e_buot
Răng có bị đau không?,khac
Niềng răng xong răng có bị xấu lại không?,chinh_nha
Viêm nướu có đau không?,viem_nuou
Răng không mọc chậm có sao không?,rang_khon
Răng sốt cao uống thuốc gì tạm thờii?,khac
Có phải men răng tôi bị mòn nên mới ê buốt mỗi khi đánh răng không bác sĩ?,e_buot
Răng bị mòn nên kiêng ăn như thế nào?,khac
Chi phí dán sứ Veneer một răng khoảng bao nhiêu?,tham_my
Tẩy trắng răng có cho bà bầu không?,tham_my
Răng khôn mọc có làm đau đầu không?,rang_khon
"Răng tôi tự nhiên nhạy cảm quá, ê khi gặp đồ nóng lẫn đồ lạnh là bị gì?",e_buot
Răng khôn mọc một phần có cần nhổ không?,rang_khon
Răng sâu mới chớm có cần phải điều trị ngay lập tức không?,sau_rang
Sau khi niềng răng xong cần chăm sóc thế nào?,chinh_nha
"Làm sao để phân biệt rõ ràng giữa viêm nướu và viêm nha chu, và khi nào cần can thiệp?",viem_nuou
Chăm sóc răng miệng khi mang thai?,khac
Viêm tủy răng có tự khỏi được không hay bắt buộc phải điều trị?,sau_rang
Răng có bị móm không?,khac
Cấy Implant bị thất bại có làm lại được không?,mat_rang
Khớp cắn ngược chỉnh nha được không?,chinh_nha
